"scenario","raster_side","raster_cells","polygon_count","repetition","mode","elapsed_s","r_heap_baseline_mb","r_heap_high_water_mb","r_heap_peak_delta_mb","max_value_difference_vs_peer"
"small",100,10000,16,1,"direct_mean",0.13,271.7,294.4,22.6999999999999,0
"small",100,10000,16,1,"surt_support_contract",0.14,271.7,298.5,26.8,0
"small",100,10000,16,2,"direct_mean",0.109999999999999,271.7,294.3,22.6,0
"small",100,10000,16,2,"surt_support_contract",0.109999999999999,271.7,298.5,26.8,0
"small",100,10000,16,3,"direct_mean",0.0999999999999996,271.7,294.3,22.6,0
"small",100,10000,16,3,"surt_support_contract",0.17,271.7,298.5,26.8,0
"small",100,10000,16,4,"direct_mean",0.109999999999999,271.7,294.3,22.6,0
"small",100,10000,16,4,"surt_support_contract",0.139999999999999,271.7,298.5,26.8,0
"small",100,10000,16,5,"direct_mean",0.109999999999999,271.7,294.3,22.6,0
"small",100,10000,16,5,"surt_support_contract",0.119999999999999,271.7,298.5,26.8,0
"medium",300,90000,64,1,"direct_mean",0.199999999999999,271.8,360.7,88.9,0
"medium",300,90000,64,1,"surt_support_contract",0.25,271.8,369.4,97.6,0
"medium",300,90000,64,2,"direct_mean",0.219999999999999,271.8,360.7,88.9,0
"medium",300,90000,64,2,"surt_support_contract",0.229999999999997,271.8,369.4,97.6,0
"medium",300,90000,64,3,"direct_mean",0.210000000000001,271.8,360.7,88.9,0
"medium",300,90000,64,3,"surt_support_contract",0.239999999999998,271.8,369.4,97.6,0
"medium",300,90000,64,4,"direct_mean",0.199999999999999,271.8,360.7,88.9,0
"medium",300,90000,64,4,"surt_support_contract",0.23,271.8,369.4,97.6,0
"medium",300,90000,64,5,"direct_mean",0.200000000000003,271.8,360.7,88.9,0
"medium",300,90000,64,5,"surt_support_contract",0.27,271.8,369.4,97.6,0
"large",600,360000,144,1,"direct_mean",0.460000000000001,271.8,416.4,144.6,0
"large",600,360000,144,1,"surt_support_contract",0.52,271.8,422.5,150.7,0
"large",600,360000,144,2,"direct_mean",0.650000000000002,271.8,416.5,144.7,0
"large",600,360000,144,2,"surt_support_contract",0.57,271.8,422.5,150.7,0
"large",600,360000,144,3,"direct_mean",0.449999999999999,271.8,416.5,144.7,0
"large",600,360000,144,3,"surt_support_contract",0.640000000000001,271.8,422.5,150.7,0
"large",600,360000,144,4,"direct_mean",0.579999999999998,271.8,416.4,144.6,0
"large",600,360000,144,4,"surt_support_contract",0.579999999999998,271.8,422.5,150.7,0
"large",600,360000,144,5,"direct_mean",0.5,271.8,416.4,144.6,0
"large",600,360000,144,5,"surt_support_contract",0.519999999999996,271.8,422.5,150.7,0
